table,k图,fusion,hit@1,hit@3,mAP,n
表A 多图公平表(n>=5),1图,max,0.8404,0.9255,0.8141,94
表A 多图公平表(n>=5),1图,mean,0.8404,0.9255,0.8141,94
表A 多图公平表(n>=5),1图,top3mean,0.8404,0.9255,0.8141,94
表A 多图公平表(n>=5),3图,max,0.8936,0.9574,0.8899,94
表A 多图公平表(n>=5),3图,mean,0.9043,0.9468,0.8898,94
表A 多图公平表(n>=5),3图,top3mean,0.9043,0.9468,0.8898,94
表A 多图公平表(n>=5),5图,max,0.9362,0.9468,0.9137,94
表A 多图公平表(n>=5),5图,mean,0.9149,0.9574,0.9075,94
表A 多图公平表(n>=5),5图,top3mean,0.9362,0.9681,0.9243,94
表B 较大样本(n>=3),1图,max,0.9052,0.9463,0.8121,633
表B 较大样本(n>=3),1图,mean,0.9052,0.9463,0.8121,633
表B 较大样本(n>=3),1图,top3mean,0.9052,0.9463,0.8121,633
表B 较大样本(n>=3),3图,max,0.9605,0.9905,0.9222,633
表B 较大样本(n>=3),3图,mean,0.9716,0.9905,0.9289,633
表B 较大样本(n>=3),3图,top3mean,0.9716,0.9905,0.9289,633
参考 官方1图口径(n>=5人群),1,max,0.9587,0.9806,0.8262,412
